{
  "args0": [
    {
      "type": "field_dropdown",
      "name": "system",
      "options": [
        [
          "LOCAL",
          "false"
        ],
        [
          "WORLD",
          "true"
        ]
      ]
    },
    {
      "type": "field_image",
      "src": "./res/client.png",
      "width": 8,
      "height": 24
    }
  ],
  "inputsInline": true,
  "previousStatement": null,
  "nextStatement": null,
  "colour": "%{BKY_GRAPHIC_HUE}",
  "mcreator": {
    "group": "shaperenderer",
    "toolbox_id": "graphicshape",
    "fields": [
      "system"
    ]
  }
}