{
  "args0": [
    {
      "type": "field_dropdown",
      "name": "mode",
      "options": [
        [
          "ADDITION",
          "ADDITION"
        ],
        [
          "DEFAULT",
          "DEFAULT"
        ],
        [
          "MULTIPLICATION",
          "MULTIPLICATION"
        ]
      ]
    },
    {
      "type": "field_image",
      "src": "./res/client.png",
      "width": 8,
      "height": 24
    }
  ],
  "inputsInline": true,
  "previousStatement": null,
  "nextStatement": null,
  "colour": 35,
  "mcreator": {
    "toolbox_id": "rendermanagement",
    "fields": [
      "mode"
    ]
  }
}