{
  "args0": [
    {
      "type": "input_value",
      "name": "update",
      "check": "Boolean"
    },
    {
      "type": "field_image",
      "src": "./res/client.png",
      "width": 8,
      "height": 24
    },
    {
      "type": "input_dummy"
    },
    {
      "type": "input_statement",
      "name": "do"
    }
  ],
  "inputsInline": true,
  "previousStatement": null,
  "nextStatement": null,
  "colour": 120,
  "mcreator": {
    "toolbox_id": "graphicshape",
    "toolbox_init": [
      "<value name=\"update\"><block type=\"logic_boolean\"><field name=\"BOOL\">TRUE</field></block></value>"
    ],
    "inputs": [
      "update"
    ],
    "statements": [
      {
        "name": "do"
      }
    ]
  }
}