{
  "args0": [
    {
      "type": "input_value",
      "name": "texture",
      "check": "String"
    },
    {
      "type": "field_image",
      "src": "./res/client.png",
      "width": 8,
      "height": 24
    }
  ],
  "inputsInline": true,
  "previousStatement": null,
  "nextStatement": null,
  "colour": 35,
  "mcreator": {
    "toolbox_id": "graphicothers",
    "toolbox_init": [
      "<value name=\"texture\"><block type=\"graphic_get_texture\"><value name=\"id\"><block type=\"text\"><field name=\"TEXT\">modid</field></block></value><value name=\"name\"><block type=\"text\"><field name=\"TEXT\">image</field></block></value></block></value>"
    ],
    "inputs": [
      "texture"
    ]
  }
}