{
  "args0": [
    {
      "type": "input_value",
      "name": "red",
      "check": "Number"
    },
    {
      "type": "input_value",
      "name": "green",
      "check": "Number"
    },
    {
      "type": "input_value",
      "name": "blue",
      "check": "Number"
    },
    {
      "type": "field_image",
      "src": "./res/client.png",
      "width": 8,
      "height": 24
    }
  ],
  "inputsInline": true,
  "previousStatement": null,
  "nextStatement": null,
  "colour": 60,
  "mcreator": {
    "toolbox_id": "viewport",
    "toolbox_init": [
      "<value name=\"red\"><block type=\"math_number\"><field name=\"NUM\">255</field></block></value>",
      "<value name=\"green\"><block type=\"math_number\"><field name=\"NUM\">255</field></block></value>",
      "<value name=\"blue\"><block type=\"math_number\"><field name=\"NUM\">255</field></block></value>"
    ],
    "inputs": [
      "red",
      "green",
      "blue"
    ],
    "dependencies": [
      {
        "name": "viewport",
        "type": "viewport"
      }
    ]
  }
}