{
  "args0": [
    {
      "type": "input_value",
      "name": "entity",
      "check": "Entity"
    },
    {
      "type": "input_value",
      "name": "x",
      "check": "Number"
    },
    {
      "type": "input_value",
      "name": "y",
      "check": "Number"
    },
    {
      "type": "input_value",
      "name": "z",
      "check": "Number"
    },
    {
      "type": "field_image",
      "src": "./res/client.png",
      "width": 8,
      "height": 24
    },
    {
      "type": "input_dummy"
    },
    {
      "type": "input_statement",
      "name": "do"
    }
  ],
  "inputsInline": true,
  "previousStatement": null,
  "nextStatement": null,
  "colour": "%{BKY_GRAPHIC_HUE}",
  "mcreator": {
    "group": "settings",
    "toolbox_id": "graphicoverlay",
    "toolbox_init": [
      "<value name=\"entity\"><block type=\"entity_from_deps\"></block></value>",
      "<value name=\"x\"><block type=\"coord_x\"></block></value>",
      "<value name=\"y\"><block type=\"coord_y\"></block></value>",
      "<value name=\"z\"><block type=\"coord_z\"></block></value>"
    ],
    "statements": [
      {
        "name": "do",
        "provides": [
          {
            "name": "dimension",
            "type": "dimensiontype"
          },
          {
            "name": "entity",
            "type": "entity"
          },
          {
            "name": "x",
            "type": "number"
          },
          {
            "name": "y",
            "type": "number"
          },
          {
            "name": "z",
            "type": "number"
          },
          {
            "name": "world",
            "type": "world"
          }
        ]
      }
    ]
  }
}