{
  "args0": [
    {
      "type": "field_dropdown",
      "name": "mode",
      "options": [
        [
          "DEBUG_LINES",
          "DEBUG_LINES"
        ],
        [
          "DEBUG_LINE_STRIP",
          "DEBUG_LINE_STRIP"
        ],
        [
          "TRIANGLES",
          "TRIANGLES"
        ],
        [
          "TRIANGLE_STRIP",
          "TRIANGLE_STRIP"
        ],
        [
          "TRIANGLE_FAN",
          "TRIANGLE_FAN"
        ],
        [
          "QUADS",
          "QUADS"
        ],
        [
          "TEXTURE",
          "TEXTURE"
        ]
      ]
    },
    {
      "type": "field_image",
      "src": "./res/client.png",
      "width": 8,
      "height": 24
    }
  ],
  "inputsInline": true,
  "previousStatement": null,
  "nextStatement": null,
  "colour": 120,
  "mcreator": {
    "toolbox_id": "graphicshape",
    "fields": [
      "mode"
    ]
  }
}