{
  "args0": [
    {
      "type": "input_value",
      "name": "rain",
      "check": "Boolean"
    },
    {
      "type": "input_value",
      "name": "snow",
      "check": "Boolean"
    },
    {
      "type": "input_value",
      "name": "speed",
      "check": "Number"
    },
    {
      "type": "input_value",
      "name": "range",
      "check": "Number"
    },
    {
      "type": "input_value",
      "name": "color",
      "check": "Number"
    },
    {
      "type": "input_value",
      "name": "constant",
      "check": "Boolean"
    },
    {
      "type": "field_image",
      "src": "./res/client.png",
      "width": 8,
      "height": 24
    }
  ],
  "inputsInline": true,
  "previousStatement": null,
  "nextStatement": null,
  "colour": 120,
  "mcreator": {
    "toolbox_id": "graphicweather",
    "toolbox_init": [
      "<value name=\"rain\"><block type=\"logic_boolean\"><field name=\"BOOL\">TRUE</field></block></value>",
      "<value name=\"snow\"><block type=\"logic_boolean\"><field name=\"BOOL\">TRUE</field></block></value>",
      "<value name=\"speed\"><block type=\"math_number\"><field name=\"NUM\">1</field></block></value>",
      "<value name=\"range\"><block type=\"math_number\"><field name=\"NUM\">5</field></block></value>",
      "<value name=\"color\"><block type=\"graphic_get_rgbacolor\"><value name=\"red\"><block type=\"math_number\"><field name=\"NUM\">255</field></block></value><value name=\"green\"><block type=\"math_number\"><field name=\"NUM\">255</field></block></value><value name=\"blue\"><block type=\"math_number\"><field name=\"NUM\">255</field></block></value><value name=\"alpha\"><block type=\"math_number\"><field name=\"NUM\">255</field></block></value></block></value>",
      "<value name=\"constant\"><block type=\"logic_boolean\"><field name=\"BOOL\">FALSE</field></block></value>"
    ],
    "inputs": [
      "rain",
      "snow",
      "speed",
      "range",
      "color",
      "constant"
    ]
  }
}