{
  "args0": [
    {
      "type": "input_value",
      "name": "fov",
      "check": "Number"
    },
    {
      "type": "field_image",
      "src": "./res/client.png",
      "width": 8,
      "height": 24
    }
  ],
  "inputsInline": true,
  "previousStatement": null,
  "nextStatement": null,
  "colour": 120,
  "mcreator": {
    "toolbox_id": "graphicmanagement",
    "toolbox_init": [
      "<value name=\"fov\"><block type=\"math_number\"><field name=\"NUM\">90</field></block></value>"
    ],
    "inputs": [
      "fov"
    ]
  }
}