{
  "args0": [
    {
      "type": "input_value",
      "name": "update",
      "check": "Boolean"
    },
    {
      "type": "field_image",
      "src": "./res/client.png",
      "width": 8,
      "height": 24
    }
  ],
  "inputsInline": true,
  "previousStatement": null,
  "nextStatement": null,
  "colour": 35,
  "mcreator": {
    "toolbox_id": "graphicmanagement",
    "toolbox_init": [
      "<value name=\"update\"><block type=\"compare_dimensionids\"><value name=\"a\"><block type=\"provided_dimensionid\"></block></value><value name=\"b\"><block type=\"get_dimensionid\"><field name=\"dimension\">Surface</field></block></value></block></value>"
    ],
    "inputs": [
      "update"
    ]
  }
}