{
  "args0": [
    {
      "type": "field_dropdown",
      "name": "mode",
      "options": [
        [
          "FIRST_PERSON",
          "0"
        ],
        [
          "THIRD_PERSON_BACK",
          "1"
        ],
        [
          "THIRD_PERSON_FRONT",
          "2"
        ]
      ]
    },
    {
      "type": "field_image",
      "src": "./res/client.png",
      "width": 8,
      "height": 24
    }
  ],
  "output": "Boolean",
  "inputsInline": true,
  "colour": "%{BKY_LOGIC_HUE}",
  "mcreator": {
    "toolbox_id": "graphicdata",
    "fields": [
      "mode"
    ]
  }
}