{
  "args0": [
    {
      "type": "field_image",
      "src": "./res/client.png",
      "width": 8,
      "height": 24
    },
    {
      "type": "input_dummy"
    },
    {
      "type": "input_statement",
      "name": "molding"
    },
    {
      "type": "input_dummy"
    },
    {
      "type": "input_statement",
      "name": "pasting"
    }
  ],
  "inputsInline": true,
  "previousStatement": null,
  "nextStatement": null,
  "colour": 35,
  "mcreator": {
    "toolbox_id": "graphicother",
    "statements": [
      {
        "name": "molding"
      },
      {
        "name": "pasting"
      }
    ]
  }
}