{
  "args0": [
    {
      "type": "field_dropdown",
      "name": "mode",
      "options": [
        [
          "RAIN",
          "0"
        ],
        [
          "RAIN/SNOW",
          "1"
        ],
        [
          "SNOW",
          "2"
        ]
      ]
    },
    {
      "type": "input_value",
      "name": "constant",
      "check": "Boolean"
    },
    {
      "type": "field_image",
      "src": "./res/client.png",
      "width": 8,
      "height": 24
    }
  ],
  "inputsInline": true,
  "previousStatement": null,
  "nextStatement": null,
  "colour": 120,
  "mcreator": {
    "toolbox_id": "graphicweather",
    "toolbox_init": [
      "<value name=\"constant\"><block type=\"logic_boolean\"><field name=\"BOOL\">FALSE</field></block></value>"
    ],
    "fields": [
      "mode"
    ],
    "inputs": [
      "constant"
    ]
  }
}