{
  "args0": [
    {
      "type": "input_value",
      "name": "red",
      "check": "Number"
    },
    {
      "type": "input_value",
      "name": "green",
      "check": "Number"
    },
    {
      "type": "input_value",
      "name": "blue",
      "check": "Number"
    },
    {
      "type": "input_value",
      "name": "alpha",
      "check": "Number"
    },
    {
      "type": "input_value",
      "name": "component",
      "check": ["Normal", "End"]
    }
  ],
  "output": "Color",
  "inputsInline": true,
  "colour": 120,
  "mcreator": {
    "toolbox_id": "rendermanagement",
    "toolbox_init": [
      "<value name=\"red\"><block type=\"math_number\"><field name=\"NUM\">255</field></block></value>",
      "<value name=\"green\"><block type=\"math_number\"><field name=\"NUM\">255</field></block></value>",
      "<value name=\"blue\"><block type=\"math_number\"><field name=\"NUM\">255</field></block></value>",
      "<value name=\"alpha\"><block type=\"math_number\"><field name=\"NUM\">255</field></block></value>",
      "<value name=\"component\"></value>"
    ],
    "inputs": [
      "red",
      "green",
      "blue",
      "alpha",
      "component"
    ]
  }
}