{
  "args0": [
    {
      "type": "input_value",
      "name": "x",
      "check": "Number"
    },
    {
      "type": "input_value",
      "name": "y",
      "check": "Number"
    },
    {
      "type": "input_value",
      "name": "z",
      "check": "Number"
    },
    {
      "type": "input_value",
      "name": "component",
      "check": ["UV", "Color"]
    }
  ],
  "output": "Position",
  "inputsInline": true,
  "colour": 120,
  "mcreator": {
    "toolbox_id": "rendermanagement",
    "toolbox_init": [
      "<value name=\"x\"><block type=\"coord_x\"></block></value>",
      "<value name=\"y\"><block type=\"coord_y\"></block></value>",
      "<value name=\"z\"><block type=\"coord_z\"></block></value>",
      "<value name=\"component\"></value>"
    ],
    "inputs": [
      "x",
      "y",
      "z",
      "component"
    ],
    "dependencies": [
      {
        "name": "camX",
        "type": "number"
      },
      {
        "name": "camY",
        "type": "number"
      },
      {
        "name": "camZ",
        "type": "number"
      }
    ]
  }
}