{
  "args0": [
    {
      "type": "input_value",
      "name": "color",
      "check": "Number"
    },
    {
      "type": "input_value",
      "name": "component",
      "check": ["Normal", "End"]
    }
  ],
  "output": "Color",
  "inputsInline": true,
  "colour": 120,
  "mcreator": {
    "toolbox_id": "rendermanagement",
    "toolbox_init": [
      "<value name=\"color\"><block type=\"get_color_from_rgba\"><value name=\"red\"><block type=\"math_number\"><field name=\"NUM\">255</field></block></value><value name=\"green\"><block type=\"math_number\"><field name=\"NUM\">255</field></block></value><value name=\"blue\"><block type=\"math_number\"><field name=\"NUM\">255</field></block></value><value name=\"alpha\"><block type=\"math_number\"><field name=\"NUM\">255</field></block></value></block></value>",
      "<value name=\"component\"></value>"
    ],
    "inputs": [
      "color",
      "component"
    ]
  }
}