{
  "args0": [
    {
      "type": "field_dropdown",
      "name": "mode",
      "options": [
        [
          "FABULOUS",
          "GraphicsStatus.FABULOUS"
        ],
        [
          "FANSY",
          "GraphicsStatus.FANSY"
        ],
        [
          "FAST",
          "GraphicsStatus.FAST"
        ]
      ]
    },
    {
      "type": "field_image",
      "src": "./res/client.png",
      "width": 8,
      "height": 24
    }
  ],
  "output": "Boolean",
  "inputsInline": true,
  "colour": "%{BKY_LOGIC_HUE}",
  "mcreator": {
    "toolbox_id": "graphicdata",
    "fields": [
      "mode"
    ]
  }
}