{
  "args0": [
    {
      "type": "input_value",
      "name": "sky",
      "check": "Number"
    },
    {
      "type": "input_value",
      "name": "block",
      "check": "Number"
    },
    {
      "type": "field_image",
      "src": "./res/client.png",
      "width": 8,
      "height": 24
    }
  ],
  "inputsInline": true,
  "previousStatement": null,
  "nextStatement": null,
  "colour": 120,
  "mcreator": {
    "toolbox_id": "graphicworld",
    "toolbox_init": [
      "<value name=\"sky\"><block type=\"math_number\"><field name=\"NUM\">240</field></block></value>",
      "<value name=\"block\"><block type=\"math_number\"><field name=\"NUM\">240</field></block></value>"
    ],
    "inputs": [
      "sky",
      "block"
    ]
  }
}