{
  "args0": [
    {
      "type": "input_value",
      "name": "entity",
      "check": "Entity"
    },
    {
      "type": "input_value",
      "name": "x",
      "check": "Number"
    },
    {
      "type": "input_value",
      "name": "y",
      "check": "Number"
    },
    {
      "type": "input_value",
      "name": "z",
      "check": "Number"
    },
    {
      "type": "input_value",
      "name": "yaw",
      "check": "Number"
    },
    {
      "type": "input_value",
      "name": "pitch",
      "check": "Number"
    },
    {
      "type": "input_value",
      "name": "roll",
      "check": "Number"
    },
    {
      "type": "input_value",
      "name": "size",
      "check": "Number"
    },
    {
      "type": "input_value",
      "name": "brightness",
      "check": "Number"
    },
    {
      "type": "field_image",
      "src": "./res/client.png",
      "width": 8,
      "height": 24
    }
  ],
  "inputsInline": true,
  "previousStatement": null,
  "nextStatement": null,
  "colour": 120,
  "mcreator": {
    "toolbox_id": "rendermanagement",
    "toolbox_init": [
      "<value name=\"entity\"><block type=\"entity_from_deps\"></block></value>",
      "<value name=\"x\"><block type=\"coord_x\"></block></value>",
      "<value name=\"y\"><block type=\"coord_y\"></block></value>",
      "<value name=\"z\"><block type=\"coord_z\"></block></value>",
      "<value name=\"yaw\"><block type=\"math_number\"><field name=\"NUM\">0</field></block></value>",
      "<value name=\"pitch\"><block type=\"math_number\"><field name=\"NUM\">0</field></block></value>",
      "<value name=\"roll\"><block type=\"math_number\"><field name=\"NUM\">0</field></block></value>",
      "<value name=\"size\"><block type=\"math_number\"><field name=\"NUM\">1</field></block></value>",
      "<value name=\"brightness\"><block type=\"get_brightness\"><value name=\"sky\"><block type=\"math_number\"><field name=\"NUM\">15</field></block></value><value name=\"block\"><block type=\"math_number\"><field name=\"NUM\">15</field></block></value></block></value>"
    ],
    "inputs": [
      "entity",
      "x",
      "y",
      "z",
      "yaw",
      "pitch",
      "roll",
      "size",
      "brightness"
    ],
    "dependencies": [
      {
        "name": "renderable",
        "type": "logic"
      },
      {
        "name": "camX",
        "type": "number"
      },
      {
        "name": "camY",
        "type": "number"
      },
      {
        "name": "camZ",
        "type": "number"
      },
      {
        "name": "pose",
        "type": "pose"
      }
    ]
  }
}