{
  "args0": [
    {
      "type": "input_value",
      "name": "item",
      "check": "MCItem"
    },
    {
      "type": "input_value",
      "name": "x",
      "check": "Number"
    },
    {
      "type": "input_value",
      "name": "y",
      "check": "Number"
    },
    {
      "type": "input_value",
      "name": "depth",
      "check": "Number"
    },
    {
      "type": "input_value",
      "name": "yaw",
      "check": "Number"
    },
    {
      "type": "input_value",
      "name": "pitch",
      "check": "Number"
    },
    {
      "type": "input_value",
      "name": "roll",
      "check": "Number"
    },
    {
      "type": "input_value",
      "name": "scale",
      "check": "Number"
    },
    {
      "type": "field_image",
      "src": "./res/client.png",
      "width": 8,
      "height": 24
    }
  ],
  "inputsInline": true,
  "previousStatement": null,
  "nextStatement": null,
  "colour": "%{BKY_GRAPHIC_HUE}",
  "mcreator": {
    "group": "itemrenderer",
    "toolbox_id": "graphicoverlay",
    "toolbox_init": [
      "<value name=\"item\"><block type=\"mcitem_all\"><field name=\"value\"></field></block></value>",
      "<value name=\"x\"><block type=\"math_number\"><field name=\"NUM\">0</field></block></value>",
      "<value name=\"y\"><block type=\"math_number\"><field name=\"NUM\">0</field></block></value>",
      "<value name=\"depth\"><block type=\"math_number\"><field name=\"NUM\">-150</field></block></value>",
      "<value name=\"yaw\"><block type=\"math_number\"><field name=\"NUM\">0</field></block></value>",
      "<value name=\"pitch\"><block type=\"math_number\"><field name=\"NUM\">0</field></block></value>",
      "<value name=\"roll\"><block type=\"math_number\"><field name=\"NUM\">0</field></block></value>",
      "<value name=\"scale\"><block type=\"math_number\"><field name=\"NUM\">16</field></block></value>"
    ],
    "inputs": [
      "item",
      "x",
      "y",
      "depth",
      "yaw",
      "pitch",
      "roll",
      "scale"
    ],
    "dependencies": [
      {
        "name": "world",
        "type": "world"
      }
    ]
  }
}