{
  "args0": [
    {
      "type": "input_value",
      "name": "color",
      "check": "Number"
    },
    {
      "type": "field_image",
      "src": "./res/client.png",
      "width": 8,
      "height": 24
    }
  ],
  "inputsInline": true,
  "previousStatement": null,
  "nextStatement": null,
  "colour": "%{BKY_GRAPHIC_HUE}",
  "mcreator": {
    "toolbox_id": "graphicviewport",
    "toolbox_init": [
      "<value name=\"color\"><block type=\"graphic_get_rgbcolor\"><value name=\"red\"><block type=\"math_number\"><field name=\"NUM\">255</field></block></value><value name=\"green\"><block type=\"math_number\"><field name=\"NUM\">255</field></block></value><value name=\"blue\"><block type=\"math_number\"><field name=\"NUM\">255</field></block></value></block></value>"
    ],
    "inputs": [
      "color"
    ]
  }
}