{
  "args0": [
    {
      "type": "input_value",
      "name": "x",
      "check": "Number"
    },
    {
      "type": "input_value",
      "name": "y",
      "check": "Number"
    },
    {
      "type": "input_value",
      "name": "z",
      "check": "Number"
    },
    {
      "type": "field_image",
      "src": "./res/client.png",
      "width": 8,
      "height": 24
    }
  ],
  "inputsInline": true,
  "previousStatement": null,
  "nextStatement": null,
  "colour": 120,
  "mcreator": {
    "group": "shaperenderer",
    "toolbox_id": "graphicshape",
    "toolbox_init": [
      "<value name=\"x\"><block type=\"math_number\"><field name=\"NUM\">0</field></block></value>",
      "<value name=\"y\"><block type=\"math_number\"><field name=\"NUM\">0</field></block></value>",
      "<value name=\"z\"><block type=\"math_number\"><field name=\"NUM\">0</field></block></value>"
    ],
    "inputs": [
      "x",
      "y",
      "z"
    ]
  }
}