{
  "args0": [
    {
      "type": "input_value",
      "name": "amount",
      "check": "Number"
    },
    {
      "type": "input_value",
      "name": "seed",
      "check": "Number"
    },
    {
      "type": "field_checkbox",
      "name": "constant",
      "checked": false
    },
    {
      "type": "input_value",
      "name": "color",
      "check": "Number"
    },
    {
      "type": "field_image",
      "src": "./res/client.png",
      "width": 8,
      "height": 24
    }
  ],
  "inputsInline": true,
  "previousStatement": null,
  "nextStatement": null,
  "colour": 120,
  "mcreator": {
    "toolbox_id": "rendermanagement",
    "toolbox_init": [
      "<value name=\"amount\"><block type=\"math_number\"><field name=\"NUM\">1500</field></block></value>",
      "<value name=\"seed\"><block type=\"math_number\"><field name=\"NUM\">10842</field></block></value>",
      "<value name=\"color\"><block type=\"get_color_from_rgba\"><value name=\"red\"><block type=\"math_number\"><field name=\"NUM\">255</field></block></value><value name=\"green\"><block type=\"math_number\"><field name=\"NUM\">255</field></block></value><value name=\"blue\"><block type=\"math_number\"><field name=\"NUM\">255</field></block></value><value name=\"alpha\"><block type=\"math_number\"><field name=\"NUM\">255</field></block></value></block></value>"
    ],
    "inputs": [
      "amount",
      "seed",
      "color"
    ],
    "fields": [
      "constant"
    ],
    "dependencies": [
      {
        "name": "pose",
        "type": "pose"
      },
      {
        "name": "world",
        "type": "world"
      }
    ]
  }
}