{
  "args0": [
    {
      "type": "field_dropdown",
      "name": "mode",
      "options": [
        [
          "DEFAULT",
          "0"
        ],
        [
          "FANSY",
          "1"
        ],
        [
          "FAST",
          "2"
        ]
      ]
    },
    {
      "type": "input_value",
      "name": "altitude",
      "check": "Number"
    },
    {
      "type": "input_value",
      "name": "vx",
      "check": "Number"
    },
    {
      "type": "input_value",
      "name": "vz",
      "check": "Number"
    },
    {
      "type": "input_value",
      "name": "color",
      "check": "Number"
    },
    {
      "type": "field_image",
      "src": "./res/client.png",
      "width": 8,
      "height": 24
    }
  ],
  "inputsInline": true,
  "previousStatement": null,
  "nextStatement": null,
  "colour": 120,
  "mcreator": {
    "toolbox_id": "graphicclouds",
    "toolbox_init": [
      "<value name=\"altitude\"><block type=\"math_number\"><field name=\"NUM\">192</field></block></value>",
      "<value name=\"vx\"><block type=\"math_number\"><field name=\"NUM\">0</field></block></value>",
      "<value name=\"vz\"><block type=\"math_number\"><field name=\"NUM\">0</field></block></value>",
      "<value name=\"color\"><block type=\"graphic_get_rgbacolor\"><value name=\"red\"><block type=\"math_number\"><field name=\"NUM\">255</field></block></value><value name=\"green\"><block type=\"math_number\"><field name=\"NUM\">255</field></block></value><value name=\"blue\"><block type=\"math_number\"><field name=\"NUM\">255</field></block></value><value name=\"alpha\"><block type=\"math_number\"><field name=\"NUM\">255</field></block></value></block></value>"
    ],
    "fields": [
      "mode"
    ],
    "inputs": [
      "altitude",
      "vx",
      "vz",
      "color"
    ]
  }
}