{
  "args0": [
    {
      "type": "input_value",
      "name": "texts",
      "check": "String"
    },
    {
      "type": "input_value",
      "name": "x",
      "check": "Number"
    },
    {
      "type": "input_value",
      "name": "y",
      "check": "Number"
    },
    {
      "type": "input_value",
      "name": "depth",
      "check": "Number"
    },
    {
      "type": "input_value",
      "name": "angle",
      "check": "Number"
    },
    {
      "type": "input_value",
      "name": "scale",
      "check": "Number"
    },
    {
      "type": "input_value",
      "name": "color",
      "check": "Number"
    },
    {
      "type": "field_dropdown",
      "name": "alignment",
      "options": [
        [
          "TOP_LEFT",
          "0"
        ],
        [
          "TOP",
          "1"
        ],
        [
          "TOP_RIGHT",
          "2"
        ],
        [
          "LEFT",
          "3"
        ],
        [
          "CENTER",
          "4"
        ],
        [
          "RIGHT",
          "5"
        ],
        [
          "BOTTOM_LEFT",
          "6"
        ],
        [
          "BOTTOM",
          "7"
        ],
        [
          "BOTTOM_RIGHT",
          "8"
        ]
      ]
    },
    {
      "type": "field_image",
      "src": "./res/client.png",
      "width": 8,
      "height": 24
    }
  ],
  "inputsInline": true,
  "previousStatement": null,
  "nextStatement": null,
  "colour": "%{BKY_GRAPHIC_HUE}",
  "mcreator": {
    "group": "renderer2",
    "toolbox_id": "graphicoverlay",
    "toolbox_init": [
      "<value name=\"texts\"><block type=\"text\"><field name=\"TEXT\">texts</field></block></value>",
      "<value name=\"x\"><block type=\"math_number\"><field name=\"NUM\">0</field></block></value>",
      "<value name=\"y\"><block type=\"math_number\"><field name=\"NUM\">0</field></block></value>",
      "<value name=\"depth\"><block type=\"math_number\"><field name=\"NUM\">0</field></block></value>",
      "<value name=\"angle\"><block type=\"math_number\"><field name=\"NUM\">0</field></block></value>",
      "<value name=\"scale\"><block type=\"math_number\"><field name=\"NUM\">1</field></block></value>",
      "<value name=\"color\"><block type=\"graphic_get_rgbacolor\"><value name=\"red\"><block type=\"math_number\"><field name=\"NUM\">255</field></block></value><value name=\"green\"><block type=\"math_number\"><field name=\"NUM\">255</field></block></value><value name=\"blue\"><block type=\"math_number\"><field name=\"NUM\">255</field></block></value><value name=\"alpha\"><block type=\"math_number\"><field name=\"NUM\">255</field></block></value></block></value>"
    ],
    "inputs": [
      "texts",
      "x",
      "y",
      "depth",
      "angle",
      "scale",
      "color"
    ],
    "fields": [
      "alignment"
    ]
  }
}