{
  "args0": [
    {
      "type": "input_value",
      "name": "range",
      "check": "Number"
    },
    {
      "type": "input_value",
      "name": "x",
      "check": "Number"
    },
    {
      "type": "input_value",
      "name": "y",
      "check": "Number"
    },
    {
      "type": "input_value",
      "name": "z",
      "check": "Number"
    },
    {
      "type": "field_image",
      "src": "./res/client.png",
      "width": 8,
      "height": 24
    },
    {
      "type": "input_dummy"
    },
    {
      "type": "input_statement",
      "name": "foreach"
    }
  ],
  "extensions": [
    "is_custom_loop"
  ],
  "inputsInline": true,
  "previousStatement": null,
  "nextStatement": null,
  "colour": 35,
  "mcreator": {
    "group": "iteratoractions",
    "toolbox_id": "graphicothers",
    "toolbox_init": [
      "<value name=\"range\"><block type=\"math_number\"><field name=\"NUM\">5</field></block></value>",
      "<value name=\"x\"><block type=\"iterator_positionx\"></block></value>",
      "<value name=\"y\"><block type=\"iterator_positiony\"></block></value>",
      "<value name=\"z\"><block type=\"iterator_positionz\"></block></value>"
    ],
    "inputs": [
      "range"
    ],
    "statements": [
      {
        "name": "foreach",
        "provides": [
          {
            "name": "positioniterator",
            "type": "number"
          }
        ]
      }
    ],
    "dependencies": [
      {
        "name": "world",
        "type": "world"
      }
    ]
  }
}