{
  "args0": [
    {
      "type": "input_value",
      "name": "entity",
      "check": "Entity"
    },
    {
      "type": "field_image",
      "src": "./res/client.png",
      "width": 8,
      "height": 24
    },
    {
      "type": "input_dummy"
    },
    {
      "type": "input_statement",
      "name": "foreach"
    }
  ],
  "extensions": [
    "is_custom_loop"
  ],
  "inputsInline": true,
  "previousStatement": null,
  "nextStatement": null,
  "colour": 35,
  "mcreator": {
    "group": "iteratoractions",
    "toolbox_id": "graphicothers",
    "toolbox_init": [
      "<value name=\"entity\"><block type=\"entity_iterator\"></block></value>"
    ],
    "statements": [
      {
        "name": "foreach",
        "provides": [
          {
            "name": "entityiterator",
            "type": "entity"
          }
        ]
      }
    ],
    "dependencies": [
      {
        "name": "world",
        "type": "world"
      }
    ]
  }
}