{
  "dependencies_provided": [
    {
      "name": "dimension",
      "type": "dimensiontype"
    },
    {
      "name": "entity",
      "type": "entity"
    },
    {
      "name": "end",
      "type": "number"
    },
    {
      "name": "start",
      "type": "number"
    },
    {
      "name": "x",
      "type": "number"
    },
    {
      "name": "y",
      "type": "number"
    },
    {
      "name": "z",
      "type": "number"
    },
    {
      "name": "viewport",
      "type": "viewport"
    },
    {
      "name": "world",
      "type": "world"
    }
  ],
  "cancelable": "false",
  "has_result": "false",
  "side": "client"
}