{
  "args0": [
    {
      "type": "input_value",
      "name": "left",
      "check": "Number"
    },
    {
      "type": "input_value",
      "name": "right",
      "check": "Number"
    }
  ],
  "output": "Number",
  "inputsInline": true,
  "colour": "%{BKY_MATH_HUE}",
  "mcreator": {
    "group": "colorcreater",
    "toolbox_id": "graphiccolor",
    "toolbox_init": [
      "<value name=\"left\"></value>",
      "<value name=\"right\"></value>"
    ],
    "inputs": [
      "left",
      "right"
    ]
  }
}