{
  "args0": [
    {
      "type": "input_value",
      "name": "width",
      "check": "Number"
    },
    {
      "type": "input_value",
      "name": "height",
      "check": "Number"
    },
    {
      "type": "field_image",
      "src": "./res/client.png",
      "width": 8,
      "height": 24
    }
  ],
  "inputsInline": true,
  "previousStatement": null,
  "nextStatement": null,
  "colour": 35,
  "mcreator": {
    "group": "textscale",
    "toolbox_id": "graphicmodel",
    "toolbox_init": [
      "<value name=\"width\"><block type=\"math_number\"><field name=\"NUM\">1</field></block></value>",
      "<value name=\"height\"><block type=\"math_number\"><field name=\"NUM\">1</field></block></value>"
    ],
    "inputs": [
      "width",
      "height"
    ]
  }
}