{
  "args0": [
    {
      "type": "field_dropdown",
      "name": "mode",
      "options": [
        [
          "DEBUG_LINES",
          "DEBUG_LINES"
        ],
        [
          "DEBUG_LINE_STRIP",
          "DEBUG_LINE_STRIP"
        ],
        [
          "TRIANGLES",
          "TRIANGLES"
        ],
        [
          "TRIANGLE_STRIP",
          "TRIANGLE_STRIP"
        ],
        [
          "TRIANGLE_FAN",
          "TRIANGLE_FAN"
        ],
        [
          "QUADS",
          "QUADS"
        ],
        [
          "TEXTURE",
          "TEXTURE"
        ]
      ]
    },
    {
      "type": "input_value",
      "name": "update",
      "check": "Boolean"
    },
    {
      "type": "field_image",
      "src": "./res/client.png",
      "width": 8,
      "height": 24
    },
    {
      "type": "input_dummy"
    },
    {
      "type": "input_statement",
      "name": "do"
    }
  ],
  "inputsInline": true,
  "previousStatement": null,
  "nextStatement": null,
  "colour": "%{BKY_GRAPHIC_HUE}",
  "mcreator": {
    "group": "shapecreator3",
    "toolbox_id": "graphicshape",
    "toolbox_init": [
      "<value name=\"update\"><block type=\"logic_boolean\"><field name=\"BOOL\">TRUE</field></block></value>"
    ],
    "fields": [
      "mode"
    ],
    "inputs": [
      "update"
    ],
    "statements": [
      {
        "name": "do"
      }
    ]
  }
}