{
  "args0": [
    {
      "type": "input_value",
      "name": "width",
      "check": "Number"
    },
    {
      "type": "input_value",
      "name": "height",
      "check": "Number"
    },
    {
      "type": "input_value",
      "name": "depth",
      "check": "Number"
    },
    {
      "type": "field_image",
      "src": "./res/client.png",
      "width": 8,
      "height": 24
    }
  ],
  "inputsInline": true,
  "previousStatement": null,
  "nextStatement": null,
  "colour": 35,
  "mcreator": {
    "toolbox_id": "graphicclouds",
    "toolbox_init": [
      "<value name=\"width\"><block type=\"math_number\"><field name=\"NUM\">12</field></block></value>",
      "<value name=\"height\"><block type=\"math_number\"><field name=\"NUM\">4</field></block></value>",
      "<value name=\"depth\"><block type=\"math_number\"><field name=\"NUM\">12</field></block></value>"
    ],
    "inputs": [
      "width",
      "height",
      "depth"
    ]
  }
}