{
  "args0": [
    {
      "type": "field_image",
      "src": "./res/null.png",
      "width": 8,
      "height": 24
    },
    {
      "type": "field_data_list_selector",
      "name": "entity",
      "datalist": "spawnableEntity"
    }
  ],
  "output": "Entity",
  "inputsInline": true,
  "colour": 195,
  "mcreator": {
    "toolbox_id": "renderdata",
    "fields": [
      "entity"
    ],
    "dependencies": [
      {
        "name": "world",
        "type": "world"
      }
    ]
  }
}