{
  "args0": [
    {
      "type": "input_value",
      "name": "component",
      "check": "Position"
    },
    {
      "type": "field_image",
      "src": "./res/client.png",
      "width": 8,
      "height": 24
    }
  ],
  "previousStatement": null,
  "nextStatement": null,
  "colour": 120,
  "mcreator": {
    "toolbox_id": "rendermanagement",
    "toolbox_init": [
      "<value name=\"component\"></value>"
    ],
    "inputs": [
      "component"
    ],
    "warnings": [
      "vertex_definition"
    ]
  }
}