{
  "args0": [
    {
      "type": "field_dropdown",
      "name": "type",
      "options": [
        [
          "END",
          "DimensionSpecialEffects.SkyType.END"
        ],
        [
          "NONE",
          "DimensionSpecialEffects.SkyType.NONE"
        ],
        [
          "NORMAL",
          "DimensionSpecialEffects.SkyType.NORMAL"
        ]
      ]
    },
    {
      "type": "field_image",
      "src": "./res/client.png",
      "width": 8,
      "height": 24
    }
  ],
  "output": "Boolean",
  "inputsInline": true,
  "colour": "%{BKY_LOGIC_HUE}",
  "mcreator": {
    "toolbox_id": "graphicdata",
    "fields": [
      "type"
    ]
  }
}