{
  "args0": [
    {
      "type": "input_value",
      "name": "x",
      "check": "Number"
    },
    {
      "type": "input_value",
      "name": "y",
      "check": "Number"
    },
    {
      "type": "input_value",
      "name": "z",
      "check": "Number"
    },
    {
      "type": "input_value",
      "name": "color",
      "check": "Number"
    },
    {
      "type": "field_image",
      "src": "./res/client.png",
      "width": 8,
      "height": 24
    }
  ],
  "inputsInline": true,
  "previousStatement": null,
  "nextStatement": null,
  "colour": 120,
  "mcreator": {
    "toolbox_id": "graphicworld",
    "toolbox_init": [
      "<value name=\"x\"><block type=\"coord_x\"></block></value>",
      "<value name=\"y\"><block type=\"coord_y\"></block></value>",
      "<value name=\"z\"><block type=\"coord_z\"></block></value>",
      "<value name=\"color\"><block type=\"graphic_get_rgbacolor\"><value name=\"red\"><block type=\"math_number\"><field name=\"NUM\">255</field></block></value><value name=\"green\"><block type=\"math_number\"><field name=\"NUM\">255</field></block></value><value name=\"blue\"><block type=\"math_number\"><field name=\"NUM\">255</field></block></value><value name=\"alpha\"><block type=\"math_number\"><field name=\"NUM\">255</field></block></value></block></value>"
    ],
    "inputs": [
      "x",
      "y",
      "z",
      "color"
    ]
  }
}