{
  "args0": [
    {
      "type": "field_dropdown",
      "name": "buffer",
      "options": [
        [
          "ABYSS",
          "_abyssBuffer"
        ],
        [
          "DEEP_SKY",
          "_deepskyBuffer"
        ],
        [
          "MOON",
          "_moonBuffer"
        ],
        [
          "REGULAR_POLYGON",
          "_polygonBuffer"
        ],
        [
          "SHAPES",
          "_shapeBuffer"
        ],
        [
          "SKYBOX",
          "_skyboxBuffer"
        ],
        [
          "STARS",
          "_starBuffer"
        ],
        [
          "SUN",
          "_sunBuffer"
        ],
        [
          "SUNLIGHTS",
          "_sunlightBuffer"
        ],
        [
          "TEXTURE",
          "_textureBuffer"
        ]
      ]
    },
    {
      "type": "input_value",
      "name": "yaw",
      "check": "Number"
    },
    {
      "type": "input_value",
      "name": "pitch",
      "check": "Number"
    },
    {
      "type": "input_value",
      "name": "roll",
      "check": "Number"
    },
    {
      "type": "input_value",
      "name": "color",
      "check": "Number"
    },
    {
      "type": "field_image",
      "src": "./res/client.png",
      "width": 8,
      "height": 24
    }
  ],
  "inputsInline": true,
  "previousStatement": null,
  "nextStatement": null,
  "colour": 120,
  "mcreator": {
    "toolbox_id": "graphicsky",
    "toolbox_init": [
      "<value name=\"yaw\"><block type=\"math_number\"><field name=\"NUM\">0</field></block></value>",
      "<value name=\"pitch\"><block type=\"math_number\"><field name=\"NUM\">0</field></block></value>",
      "<value name=\"roll\"><block type=\"math_number\"><field name=\"NUM\">0</field></block></value>",
      "<value name=\"color\"><block type=\"graphic_get_rgbacolor\"><value name=\"red\"><block type=\"math_number\"><field name=\"NUM\">255</field></block></value><value name=\"green\"><block type=\"math_number\"><field name=\"NUM\">255</field></block></value><value name=\"blue\"><block type=\"math_number\"><field name=\"NUM\">255</field></block></value><value name=\"alpha\"><block type=\"math_number\"><field name=\"NUM\">255</field></block></value></block></value>"
    ],
    "fields": [
      "buffer"
    ],
    "inputs": [
      "yaw",
      "pitch",
      "roll",
      "color"
    ]
  }
}