{
  "args0": [
    {
      "type": "field_dropdown",
      "name": "mode",
      "options": [
        [
          "CORE",
          "0"
        ],
        [
          "CRUST",
          "1"
        ],
        [
          "FLAT",
          "2"
        ],
        [
          "LINE",
          "3"
        ]
      ]
    },
    {
      "type": "input_value",
      "name": "vertex",
      "check": "Number"
    },
    {
      "type": "input_value",
      "name": "size",
      "check": "Number"
    },
    {
      "type": "input_value",
      "name": "yaw",
      "check": "Number"
    },
    {
      "type": "input_value",
      "name": "pitch",
      "check": "Number"
    },
    {
      "type": "input_value",
      "name": "roll",
      "check": "Number"
    },
    {
      "type": "input_value",
      "name": "color",
      "check": "Number"
    },
    {
      "type": "input_value",
      "name": "constant",
      "check": "Boolean"
    },
    {
      "type": "field_image",
      "src": "./res/client.png",
      "width": 8,
      "height": 24
    }
  ],
  "inputsInline": true,
  "previousStatement": null,
  "nextStatement": null,
  "colour": 120,
  "mcreator": {
    "toolbox_id": "graphicsky",
    "toolbox_init": [
      "<value name=\"vertex\"><block type=\"math_number\"><field name=\"NUM\">3</field></block></value>",
      "<value name=\"size\"><block type=\"math_number\"><field name=\"NUM\">60</field></block></value>",
      "<value name=\"yaw\"><block type=\"math_number\"><field name=\"NUM\">0</field></block></value>",
      "<value name=\"pitch\"><block type=\"math_number\"><field name=\"NUM\">0</field></block></value>",
      "<value name=\"roll\"><block type=\"math_number\"><field name=\"NUM\">0</field></block></value>",
      "<value name=\"color\"><block type=\"graphic_get_rgbacolor\"><value name=\"red\"><block type=\"math_number\"><field name=\"NUM\">255</field></block></value><value name=\"green\"><block type=\"math_number\"><field name=\"NUM\">255</field></block></value><value name=\"blue\"><block type=\"math_number\"><field name=\"NUM\">255</field></block></value><value name=\"alpha\"><block type=\"math_number\"><field name=\"NUM\">255</field></block></value></block></value>",
      "<value name=\"constant\"><block type=\"logic_boolean\"><field name=\"BOOL\">TRUE</field></block></value>"
    ],
    "fields":[
      "mode"
    ],
    "inputs": [
      "vertex",
      "size",
      "yaw",
      "pitch",
      "roll",
      "color",
      "constant"
    ]
  }
}