{
  "args0": [
    {
      "type": "input_value",
      "name": "abyss",
      "check": "Boolean"
    },
    {
      "type": "input_value",
      "name": "deepsky",
      "check": "Boolean"
    },
    {
      "type": "input_value",
      "name": "moon",
      "check": "Boolean"
    },
    {
      "type": "input_value",
      "name": "stars",
      "check": "Boolean"
    },
    {
      "type": "input_value",
      "name": "sun",
      "check": "Boolean"
    },
    {
      "type": "input_value",
      "name": "sunlights",
      "check": "Boolean"
    },
    {
      "type": "field_image",
      "src": "./res/client.png",
      "width": 8,
      "height": 24
    }
  ],
  "inputsInline": true,
  "previousStatement": null,
  "nextStatement": null,
  "colour": 120,
  "mcreator": {
    "toolbox_id": "graphicsky",
    "toolbox_init": [
      "<value name=\"abyss\"><block type=\"logic_boolean\"><field name=\"BOOL\">TRUE</field></block></value>",
      "<value name=\"deepsky\"><block type=\"logic_boolean\"><field name=\"BOOL\">TRUE</field></block></value>",
      "<value name=\"moon\"><block type=\"logic_boolean\"><field name=\"BOOL\">TRUE</field></block></value>",
      "<value name=\"stars\"><block type=\"logic_boolean\"><field name=\"BOOL\">TRUE</field></block></value>",
      "<value name=\"sun\"><block type=\"logic_boolean\"><field name=\"BOOL\">TRUE</field></block></value>",
      "<value name=\"sunlights\"><block type=\"logic_boolean\"><field name=\"BOOL\">TRUE</field></block></value>"
    ],
    "inputs": [
      "abyss",
      "deepsky",
      "moon",
      "stars",
      "sun",
      "sunlights"
    ]
  }
}