{
  "args0": [
    {
      "type": "input_value",
      "name": "ambientlights",
      "check": "Boolean"
    },
    {
      "type": "field_image",
      "src": "./res/client.png",
      "width": 8,
      "height": 24
    }
  ],
  "inputsInline": true,
  "previousStatement": null,
  "nextStatement": null,
  "colour": 35,
  "mcreator": {
    "toolbox_id": "graphiceffects",
    "toolbox_init": [
      "<value name=\"ambientlights\"><block type=\"logic_boolean\"><field name=\"BOOL\">FALSE</field></block></value>"
    ],
    "inputs": [
      "ambientlights"
    ]
  }
}