{
  "args0": [
    {
      "type": "field_dropdown",
      "name": "buffer",
      "options": [
        [
          "DEBUG_LINE_STRIP",
          "_debuglinestripBuffer"
        ],
        [
          "DEBUG_LINES",
          "_debuglineBuffer"
        ],
        [
          "QUADS",
          "_quadBuffer"
        ],
        [
          "TEXTURES",
          "_textureBuffer"
        ],
        [
          "TRIANGLE_FAN",
          "_trianglefanBuffer"
        ],
        [
          "TRIANGLE_STRIP",
          "_trianglestripBuffer"
        ],
        [
          "TRIANGLES",
          "_triangleBuffer"
        ]
      ]
    },
    {
      "type": "field_image",
      "src": "./res/client.png",
      "width": 8,
      "height": 24
    }
  ],
  "output": "Boolean",
  "inputsInline": true,
  "colour": "%{BKY_LOGIC_HUE}",
  "mcreator": {
    "toolbox_id": "graphicworld",
    "fields": [
      "buffer"
    ]
  }
}