{
  "args0": [
    {
      "type": "input_value",
      "name": "altitude",
      "check": "Number"
    },
    {
      "type": "field_image",
      "src": "./res/client.png",
      "width": 8,
      "height": 24
    }
  ],
  "inputsInline": true,
  "previousStatement": null,
  "nextStatement": null,
  "colour": 35,
  "mcreator": {
    "toolbox_id": "graphiceffects",
    "toolbox_init": [
      "<value name=\"altitude\"><block type=\"math_number\"><field name=\"NUM\">192</field></block></value>"
    ],
    "inputs": [
      "altitude"
    ]
  }
}