{
  "args0": [
    {
      "type": "input_value",
      "name": "dimension",
      "check": "DimensionType"
    },
    {
      "type": "input_value",
      "name": "clouds",
      "check": "Boolean"
    },
    {
      "type": "input_value",
      "name": "sky",
      "check": "Boolean"
    },
    {
      "type": "input_value",
      "name": "weather",
      "check": "Boolean"
    },
    {
      "type": "input_value",
      "name": "particles",
      "check": "Boolean"
    },
    {
      "type": "field_image",
      "src": "./res/client.png",
      "width": 8,
      "height": 24
    }
  ],
  "inputsInline": true,
  "previousStatement": null,
  "nextStatement": null,
  "colour": 120,
  "mcreator": {
    "toolbox_id": "graphiceffects",
    "toolbox_init": [
      "<value name=\"dimension\"><block type=\"get_dimensionid\"></block></value>",
      "<value name=\"clouds\"><block type=\"logic_boolean\"><field name=\"BOOL\">FALSE</field></block></value>",
      "<value name=\"sky\"><block type=\"logic_boolean\"><field name=\"BOOL\">FALSE</field></block></value>",
      "<value name=\"weather\"><block type=\"logic_boolean\"><field name=\"BOOL\">FALSE</field></block></value>",
      "<value name=\"particles\"><block type=\"logic_boolean\"><field name=\"BOOL\">FALSE</field></block></value>"
    ],
    "inputs": [
      "dimension",
      "clouds",
      "sky",
      "weather",
      "particles"
    ]
  }
}