{
  "args0": [
    {
      "type": "field_dropdown",
      "name": "type",
      "options": [
        [
          "LAVA",
          "FogType.LAVA"
        ],
        [
          "NONE",
          "FogType.NONE"
        ],
        [
          "POWDER_SNOW",
          "FogType.POWDER_SNOW"
        ],
        [
          "WATER",
          "FogType.WATER"
        ]
      ]
    },
    {
      "type": "field_image",
      "src": "./res/client.png",
      "width": 8,
      "height": 24
    }
  ],
  "output": "Boolean",
  "inputsInline": true,
  "colour": "%{BKY_LOGIC_HUE}",
  "mcreator": {
    "toolbox_id": "graphicdata",
    "fields": [
      "type"
    ]
  }
}