{
  "args0": [
    {
      "type": "field_dropdown",
      "name": "buffer",
      "options": [
        [
          "DEBUG_LINE_STRIP",
          "_debuglinestripBuffer"
        ],
        [
          "DEBUG_LINES",
          "_debuglineBuffer"
        ],
        [
          "QUADS",
          "_quadBuffer"
        ],
        [
          "TEXTURES",
          "_textureBuffer"
        ],
        [
          "TRIANGLE_FAN",
          "_trianglefanBuffer"
        ],
        [
          "TRIANGLE_STRIP",
          "_trianglestripBuffer"
        ],
        [
          "TRIANGLES",
          "_triangleBuffer"
        ]
      ]
    },
    {
      "type": "input_value",
      "name": "x",
      "check": "Number"
    },
    {
      "type": "input_value",
      "name": "y",
      "check": "Number"
    },
    {
      "type": "input_value",
      "name": "z",
      "check": "Number"
    },
    {
      "type": "input_value",
      "name": "width",
      "check": "Number"
    },
    {
      "type": "input_value",
      "name": "height",
      "check": "Number"
    },
    {
      "type": "input_value",
      "name": "depth",
      "check": "Number"
    },
    {
      "type": "input_value",
      "name": "yaw",
      "check": "Number"
    },
    {
      "type": "input_value",
      "name": "pitch",
      "check": "Number"
    },
    {
      "type": "input_value",
      "name": "roll",
      "check": "Number"
    },
    {
      "type": "input_value",
      "name": "color",
      "check": "Number"
    },
    {
      "type": "field_image",
      "src": "./res/client.png",
      "width": 8,
      "height": 24
    }
  ],
  "inputsInline": true,
  "previousStatement": null,
  "nextStatement": null,
  "colour": 120,
  "mcreator": {
    "toolbox_id": "graphicworld",
    "toolbox_init": [
      "<value name=\"x\"><block type=\"coord_x\"></block></value>",
      "<value name=\"y\"><block type=\"coord_y\"></block></value>",
      "<value name=\"z\"><block type=\"coord_z\"></block></value>",
      "<value name=\"width\"><block type=\"math_number\"><field name=\"NUM\">1</field></block></value>",
      "<value name=\"height\"><block type=\"math_number\"><field name=\"NUM\">1</field></block></value>",
      "<value name=\"depth\"><block type=\"math_number\"><field name=\"NUM\">1</field></block></value>",
      "<value name=\"yaw\"><block type=\"math_number\"><field name=\"NUM\">0</field></block></value>",
      "<value name=\"pitch\"><block type=\"math_number\"><field name=\"NUM\">0</field></block></value>",
      "<value name=\"roll\"><block type=\"math_number\"><field name=\"NUM\">0</field></block></value>",
      "<value name=\"color\"><block type=\"graphic_get_rgbacolor\"><value name=\"red\"><block type=\"math_number\"><field name=\"NUM\">255</field></block></value><value name=\"green\"><block type=\"math_number\"><field name=\"NUM\">255</field></block></value><value name=\"blue\"><block type=\"math_number\"><field name=\"NUM\">255</field></block></value><value name=\"alpha\"><block type=\"math_number\"><field name=\"NUM\">255</field></block></value></block></value>"
    ],
    "fields": [
      "buffer"
    ],
    "inputs": [
      "x",
      "y",
      "z",
      "width",
      "height",
      "depth",
      "yaw",
      "pitch",
      "roll",
      "color"
    ]
  }
}