{
  "args0": [
    {
      "type": "input_value",
      "name": "message",
      "check": "String"
    },
    {
      "type": "input_value",
      "name": "player",
      "check": "Entity"
    },
    {
      "type": "input_value",
      "name": "action",
      "check": "Boolean"
    },
    {
      "type": "field_image",
      "src": "./res/client.png",
      "width": 8,
      "height": 24
    }
  ],
  "inputsInline": true,
  "previousStatement": null,
  "nextStatement": null,
  "colour": 175,
  "mcreator": {
    "toolbox_id": "graphicother",
    "toolbox_init": [
      "<value name=\"message\"><block type=\"text\"><field name=\"TEXT\">message</field></block></value>",
      "<value name=\"player\"><block type=\"entity_from_deps\"></block></value>",
      "<value name=\"action\"><block type=\"logic_boolean\"><field name=\"BOOL\">FALSE</field></block></value>"
    ],
    "inputs": [
      "message",
      "player",
      "action"
    ]
  }
}