{
  "args0": [
    {
      "type": "field_data_list_selector",
      "name": "generic",
      "datalist": "particles",
      "customEntryProviders": "particle"
    },
    {
      "type": "field_data_list_selector",
      "name": "special",
      "datalist": "particles",
      "customEntryProviders": "particle"
    },
    {
      "type": "field_image",
      "src": "./res/client.png",
      "width": 8,
      "height": 24
    }
  ],
  "inputsInline": true,
  "previousStatement": null,
  "nextStatement": null,
  "colour": "#888888",
  "mcreator": {
    "fields": [
      "generic",
      "special"
    ],
    "warnings": [
      "graphic_set_particles"
    ]
  }
}