{
  "args0": [
    {
      "type": "field_dropdown",
      "name": "target",
      "options": [
        [
          "ALWAYS",
          "1"
        ],
        [
          "GAME",
          "2"
        ],
        [
          "GUI",
          "3"
        ]
      ]
    },
    {
      "type": "field_image",
      "src": "./res/client.png",
      "width": 8,
      "height": 24
    },
    {
      "type": "input_dummy"
    },
    {
      "type": "input_statement",
      "name": "do"
    }
  ],
  "inputsInline": true,
  "previousStatement": null,
  "nextStatement": null,
  "colour": "%{BKY_GRAPHIC_HUE}",
  "mcreator": {
    "group": "settings",
    "toolbox_id": "graphicoverlay",
    "fields": [
      "target"
    ],
    "statements": [
      {
        "name": "do"
      }
    ]
  }
}