{
  "args0": [
    {
      "type": "input_value",
      "name": "position",
      "check": "Position"
    },
    {
      "type": "input_value",
      "name": "red",
      "check": "Number"
    },
    {
      "type": "input_value",
      "name": "green",
      "check": "Number"
    },
    {
      "type": "input_value",
      "name": "blue",
      "check": "Number"
    },
    {
      "type": "input_value",
      "name": "alpha",
      "check": "Number"
    },
    {
      "type": "input_value",
      "name": "brightness",
      "check": "Number"
    },
    {
      "type": "field_image",
      "src": "./res/client.png",
      "width": 8,
      "height": 24
    }
  ],
  "previousStatement": null,
  "nextStatement": null,
  "colour": 120,
  "mcreator": {
    "toolbox_id": "rendermanagement",
    "toolbox_init": [
      "<value name=\"position\"><block type=\"define_local_coordinate\"><value name=\"x\"><block type=\"math_number\"><field name=\"NUM\">0</field></block></value><value name=\"y\"><block type=\"math_number\"><field name=\"NUM\">0</field></block></value><value name=\"z\"><block type=\"math_number\"><field name=\"NUM\">0</field></block></value></block></value>",
      "<value name=\"red\"><block type=\"math_number\"><field name=\"NUM\">255</field></block></value>",
      "<value name=\"green\"><block type=\"math_number\"><field name=\"NUM\">255</field></block></value>",
      "<value name=\"blue\"><block type=\"math_number\"><field name=\"NUM\">255</field></block></value>",
      "<value name=\"alpha\"><block type=\"math_number\"><field name=\"NUM\">255</field></block></value>",
      "<value name=\"brightness\"><block type=\"get_brightness\"><value name=\"sky\"><block type=\"math_number\"><field name=\"NUM\">15</field></block></value><value name=\"block\"><block type=\"math_number\"><field name=\"NUM\">15</field></block></value></block></value>"
    ],
    "inputs": [
      "position",
      "red",
      "green",
      "blue",
      "alpha",
      "brightness"
    ],
    "warnings": [
      "vertex_definition"
    ]
  }
}