{
  "args0": [
    {
      "type": "field_data_list_selector",
      "name": "generic",
      "datalist": "sound"
    },
    {
      "type": "field_data_list_selector",
      "name": "special",
      "datalist": "sound"
    },
    {
      "type": "field_image",
      "src": "./res/client.png",
      "width": 8,
      "height": 24
    }
  ],
  "inputsInline": true,
  "previousStatement": null,
  "nextStatement": null,
  "colour": 35,
  "mcreator": {
    "toolbox_id": "graphiceffects",
    "fields": [
      "generic",
      "special"
    ]
  }
}