{
  "args0": [
    {
      "type": "input_value",
      "name": "x",
      "check": "Number"
    },
    {
      "type": "input_value",
      "name": "y",
      "check": "Number"
    },
    {
      "type": "input_value",
      "name": "depth",
      "check": "Number"
    },
    {
      "type": "input_value",
      "name": "angle",
      "check": "Number"
    },
    {
      "type": "input_value",
      "name": "scale",
      "check": "Number"
    },
    {
      "type": "input_value",
      "name": "color",
      "check": "Number"
    },
    {
      "type": "field_image",
      "src": "./res/client.png",
      "width": 8,
      "height": 24
    }
  ],
  "inputsInline": true,
  "previousStatement": null,
  "nextStatement": null,
  "colour": 120,
  "mcreator": {
    "group": "renderer",
    "toolbox_id": "graphicoverlay",
    "toolbox_init": [
      "<value name=\"x\"><block type=\"math_number\"><field name=\"NUM\">0</field></block></value>",
      "<value name=\"y\"><block type=\"math_number\"><field name=\"NUM\">0</field></block></value>",
      "<value name=\"depth\"><block type=\"math_number\"><field name=\"NUM\">0</field></block></value>",
      "<value name=\"angle\"><block type=\"math_number\"><field name=\"NUM\">0</field></block></value>",
      "<value name=\"scale\"><block type=\"math_number\"><field name=\"NUM\">1</field></block></value>",
      "<value name=\"color\"><block type=\"graphic_get_rgbacolor\"><value name=\"red\"><block type=\"math_number\"><field name=\"NUM\">255</field></block></value><value name=\"green\"><block type=\"math_number\"><field name=\"NUM\">255</field></block></value><value name=\"blue\"><block type=\"math_number\"><field name=\"NUM\">255</field></block></value><value name=\"alpha\"><block type=\"math_number\"><field name=\"NUM\">255</field></block></value></block></value>"
    ],
    "inputs": [
      "x",
      "y",
      "depth",
      "angle",
      "scale",
      "color"
    ]
  }
}