{
  "args0": [
    {
      "type": "field_dropdown",
      "name": "type",
      "options": [
        [
          "DEBUG_LINES",
          "0"
        ],
        [
          "QUADS",
          "1"
        ],
        [
          "TEXTURES",
          "2"
        ],
        [
          "TRIANGLES",
          "3"
        ]
      ]
    },
    {
      "type": "field_image",
      "src": "./res/client.png",
      "width": 8,
      "height": 24
    },
    {
      "type": "input_dummy"
    },
    {
      "type": "input_statement",
      "name": "do"
    }
  ],
  "inputsInline": true,
  "previousStatement": null,
  "nextStatement": null,
  "colour": 120,
  "mcreator": {
    "toolbox_id": "graphicworld",
    "fields": [
      "type"
    ],
    "statements": [
      {
        "name": "do"
      }
    ]
  }
}