{
  "args0": [
    {
      "type": "field_dropdown",
      "name": "buffer",
      "options": [
        [
          "ABYSS",
          "_abyssBuffer"
        ],
        [
          "DEEP_SKY",
          "_deepskyBuffer"
        ],
        [
          "MOON",
          "_moonBuffer"
        ],
        [
          "REGULAR_POLYGON",
          "_polygonBuffer"
        ],
        [
          "SHAPES",
          "_shapeBuffer"
        ],
        [
          "SKYBOX",
          "_skyboxBuffer"
        ],
        [
          "STARS",
          "_starBuffer"
        ],
        [
          "SUN",
          "_sunBuffer"
        ],
        [
          "SUNLIGHTS",
          "_sunlightBuffer"
        ],
        [
          "TEXTURE",
          "_textureBuffer"
        ]
      ]
    },
    {
      "type": "field_image",
      "src": "./res/client.png",
      "width": 8,
      "height": 24
    }
  ],
  "output": "Boolean",
  "inputsInline": true,
  "colour": "%{BKY_LOGIC_HUE}",
  "mcreator": {
    "toolbox_id": "graphicsky",
    "fields": [
      "buffer"
    ]
  }
}