{
  "args0": [
    {
      "type": "input_value",
      "name": "pose",
      "check": "Pose"
    },
    {
      "type": "input_value",
      "name": "x",
      "check": "Number"
    },
    {
      "type": "input_value",
      "name": "y",
      "check": "Number"
    },
    {
      "type": "input_value",
      "name": "z",
      "check": "Number"
    }
  ],
  "output": "Position",
  "inputsInline": true,
  "colour": 120,
  "mcreator": {
    "toolbox_id": "rendermanagement",
    "toolbox_init": [
      "<value name=\"pose\"><block type=\"provided_pose\"></block></value>",
      "<value name=\"x\"><block type=\"math_number\"><field name=\"NUM\">0</field></block></value>",
      "<value name=\"y\"><block type=\"math_number\"><field name=\"NUM\">0</field></block></value>",
      "<value name=\"z\"><block type=\"math_number\"><field name=\"NUM\">100</field></block></value>"
    ],
    "inputs": [
      "pose",
      "x",
      "y",
      "z"
    ]
  }
}