{
  "args0": [
    {
      "type": "input_value",
      "name": "u",
      "check": "Number"
    },
    {
      "type": "input_value",
      "name": "v",
      "check": "Number"
    },
    {
      "type": "input_value",
      "name": "component",
      "check": "Color"
    }
  ],
  "output": "UV",
  "inputsInline": true,
  "colour": 120,
  "mcreator": {
    "toolbox_id": "rendermanagement",
    "toolbox_init": [
      "<value name=\"u\"><block type=\"math_number\"><field name=\"NUM\">0</field></block></value>",
      "<value name=\"v\"><block type=\"math_number\"><field name=\"NUM\">0</field></block></value>",
      "<value name=\"component\"></value>"
    ],
    "inputs": [
      "u",
      "v",
      "component"
    ]
  }
}