{
  "args0": [
    {
      "type": "input_value",
      "name": "sky",
      "check": "Number"
    },
    {
      "type": "input_value",
      "name": "block",
      "check": "Number"
    },
    {
      "type": "field_image",
      "src": "./res/client.png",
      "width": 8,
      "height": 24
    }
  ],
  "output": "Number",
  "inputsInline": true,
  "colour": "%{BKY_MATH_HUE}",
  "mcreator": {
    "toolbox_id": "math",
    "toolbox_init": [
      "<value name=\"sky\"><block type=\"math_number\"><field name=\"NUM\">15</field></block></value>",
      "<value name=\"block\"><block type=\"math_number\"><field name=\"NUM\">15</field></block></value>"
    ],
    "inputs": [
      "sky",
      "block"
    ]
  }
}