{
  "args0": [
    {
      "type": "input_value",
      "name": "blockstate",
      "check": "MCItemBlock"
    },
    {
      "type": "input_value",
      "name": "x",
      "check": "Number"
    },
    {
      "type": "input_value",
      "name": "y",
      "check": "Number"
    },
    {
      "type": "input_value",
      "name": "z",
      "check": "Number"
    },
    {
      "type": "field_image",
      "src": "./res/client.png",
      "width": 8,
      "height": 24
    },
    {
      "type": "input_dummy"
    },
    {
      "type": "input_statement",
      "name": "foreach"
    }
  ],
  "extensions": [
    "is_custom_loop"
  ],
  "inputsInline": true,
  "previousStatement": null,
  "nextStatement": null,
  "colour": 35,
  "mcreator": {
    "toolbox_id": "graphiciterator",
    "toolbox_init": [
      "<value name=\"blockstate\"><block type=\"iterator_blockstate\"></block></value>",
      "<value name=\"x\"><block type=\"iterator_offsetx\"></block></value>",
      "<value name=\"y\"><block type=\"iterator_offsety\"></block></value>",
      "<value name=\"z\"><block type=\"iterator_offsetz\"></block></value>"
    ],
    "statements": [
      {
        "name": "foreach",
        "provides": [
          {
            "name": "blockstateiterator",
            "type": "blockstate"
          },
          {
            "name": "positioniterator",
            "type": "number"
          }
        ]
      }
    ],
    "dependencies": [
      {
        "name": "world",
        "type": "world"
      }
    ]
  }
}